Country Name,Country Code,Series,Series Code,2014 [YR2014],2015 [YR2015],2016 [YR2016],2017 [YR2017],2018 [YR2018],2019 [YR2019]
Afghanistan,AFG,"UIS: Percentage of population age 25+ whose highest level of education is Bachelor's or equivalent (ISCED 6), both sexes",UIS.EA.6.AG25T99,..,..,..,..,..,..
Albania,ALB,"UIS: Percentage of population age 25+ whose highest level of education is Bachelor's or equivalent (ISCED 6), both sexes",UIS.EA.6.AG25T99,..,..,..,..,..,..
Algeria,DZA,"UIS: Percentage of population age 25+ whose highest level of education is Bachelor's or equivalent (ISCED 6), both sexes",UIS.EA.6.AG25T99,..,..,..,..,..,..
American Samoa,ASM,"UIS: Percentage of population age 25+ whose highest level of education is Bachelor's or equivalent (ISCED 6), both sexes",UIS.EA.6.AG25T99,..,..,..,..,..,..
Andorra,AND,"UIS: Percentage of population age 25+ whose highest level of education is Bachelor's or equivalent (ISCED 6), both sexes",UIS.EA.6.AG25T99,10.27207,10.21535,10.17754,..,..,..
Angola,AGO,"UIS: Percentage of population age 25+ whose highest level of education is Bachelor's or equivalent (ISCED 6), both sexes",UIS.EA.6.AG25T99,2.6339,..,..,..,..,..
Antigua and Barbuda,ATG,"UIS: Percentage of population age 25+ whose highest level of education is Bachelor's or equivalent (ISCED 6), both sexes",UIS.EA.6.AG25T99,..,..,..,..,..,..
Arab World,ARB,"UIS: Percentage of population age 25+ whose highest level of education is Bachelor's or equivalent (ISCED 6), both sexes",UIS.EA.6.AG25T99,..,..,..,..,..,..
Argentina,ARG,"UIS: Percentage of population age 25+ whose highest level of education is Bachelor's or equivalent (ISCED 6), both sexes",UIS.EA.6.AG25T99,18.78469,18.57615,19.42225,..,19.99181,..
Armenia,ARM,"UIS: Percentage of population age 25+ whose highest level of education is Bachelor's or equivalent (ISCED 6), both sexes",UIS.EA.6.AG25T99,..,26.95907,..,24.07001,..,..
Aruba,ABW,"UIS: Percentage of population age 25+ whose highest level of education is Bachelor's or equivalent (ISCED 6), both sexes",UIS.EA.6.AG25T99,..,..,..,..,..,..
Australia,AUS,"UIS: Percentage of population age 25+ whose highest level of education is Bachelor's or equivalent (ISCED 6), both sexes",UIS.EA.6.AG25T99,19.62394,22.09847,22.69272,23.38168,23.31499,..
Austria,AUT,"UIS: Percentage of population age 25+ whose highest level of education is Bachelor's or equivalent (ISCED 6), both sexes",UIS.EA.6.AG25T99,1.62806,2.21748,2.29991,2.84779,..,..
Azerbaijan,AZE,"UIS: Percentage of population age 25+ whose highest level of education is Bachelor's or equivalent (ISCED 6), both sexes",UIS.EA.6.AG25T99,15.68145,15.68779,15.7419,15.71702,..,..
"Bahamas, The",BHS,"UIS: Percentage of population age 25+ whose highest level of education is Bachelor's or equivalent (ISCED 6), both sexes",UIS.EA.6.AG25T99,..,..,..,..,..,..
Bahrain,BHR,"UIS: Percentage of population age 25+ whose highest level of education is Bachelor's or equivalent (ISCED 6), both sexes",UIS.EA.6.AG25T99,..,..,12.98893,13.0608,20.18479,..
Bangladesh,BGD,"UIS: Percentage of population age 25+ whose highest level of education is Bachelor's or equivalent (ISCED 6), both sexes",UIS.EA.6.AG25T99,3.78932,4.90636,5.02362,5.17966,5.33886,5.49515
Barbados,BRB,"UIS: Percentage of population age 25+ whose highest level of education is Bachelor's or equivalent (ISCED 6), both sexes",UIS.EA.6.AG25T99,..,..,..,..,..,..
Belarus,BLR,"UIS: Percentage of population age 25+ whose highest level of education is Bachelor's or equivalent (ISCED 6), both sexes",UIS.EA.6.AG25T99,..,..,..,..,..,..
Belgium,BEL,"UIS: Percentage of population age 25+ whose highest level of education is Bachelor's or equivalent (ISCED 6), both sexes",UIS.EA.6.AG25T99,17.76728,18.16777,18.50509,19.77294,..,..
Belize,BLZ,"UIS: Percentage of population age 25+ whose highest level of education is Bachelor's or equivalent (ISCED 6), both sexes",UIS.EA.6.AG25T99,..,..,..,..,..,..
Benin,BEN,"UIS: Percentage of population age 25+ whose highest level of education is Bachelor's or equivalent (ISCED 6), both sexes",UIS.EA.6.AG25T99,..,..,..,..,..,..
Bermuda,BMU,"UIS: Percentage of population age 25+ whose highest level of education is Bachelor's or equivalent (ISCED 6), both sexes",UIS.EA.6.AG25T99,..,..,21.08007,..,..,..
Bhutan,BTN,"UIS: Percentage of population age 25+ whose highest level of education is Bachelor's or equivalent (ISCED 6), both sexes",UIS.EA.6.AG25T99,..,..,..,7.87345,..,..
Bolivia,BOL,"UIS: Percentage of population age 25+ whose highest level of education is Bachelor's or equivalent (ISCED 6), both sexes",UIS.EA.6.AG25T99,..,17.89753,..,..,..,..
Bosnia and Herzegovina,BIH,"UIS: Percentage of population age 25+ whose highest level of education is Bachelor's or equivalent (ISCED 6), both sexes",UIS.EA.6.AG25T99,7.27488,6.72467,6.70173,..,6.62695,..
Botswana,BWA,"UIS: Percentage of population age 25+ whose highest level of education is Bachelor's or equivalent (ISCED 6), both sexes",UIS.EA.6.AG25T99,..,..,..,..,..,..
Brazil,BRA,"UIS: Percentage of population age 25+ whose highest level of education is Bachelor's or equivalent (ISCED 6), both sexes",UIS.EA.6.AG25T99,13.14446,13.54297,14.58028,14.928,15.58544,..
British Virgin Islands,VGB,"UIS: Percentage of population age 25+ whose highest level of education is Bachelor's or equivalent (ISCED 6), both sexes",UIS.EA.6.AG25T99,..,..,..,..,..,..
Brunei Darussalam,BRN,"UIS: Percentage of population age 25+ whose highest level of education is Bachelor's or equivalent (ISCED 6), both sexes",UIS.EA.6.AG25T99,..,..,..,..,..,..
Bulgaria,BGR,"UIS: Percentage of population age 25+ whose highest level of education is Bachelor's or equivalent (ISCED 6), both sexes",UIS.EA.6.AG25T99,24.06306,24.47098,24.62815,24.71288,..,..
Burkina Faso,BFA,"UIS: Percentage of population age 25+ whose highest level of education is Bachelor's or equivalent (ISCED 6), both sexes",UIS.EA.6.AG25T99,..,..,..,..,..,..
Burundi,BDI,"UIS: Percentage of population age 25+ whose highest level of education is Bachelor's or equivalent (ISCED 6), both sexes",UIS.EA.6.AG25T99,0.64983,..,..,0.90862,..,..
Cabo Verde,CPV,"UIS: Percentage of population age 25+ whose highest level of education is Bachelor's or equivalent (ISCED 6), both sexes",UIS.EA.6.AG25T99,..,5.48649,..,..,..,..
Cambodia,KHM,"UIS: Percentage of population age 25+ whose highest level of education is Bachelor's or equivalent (ISCED 6), both sexes",UIS.EA.6.AG25T99,5.0307,4.83466,..,..,..,..
Cameroon,CMR,"UIS: Percentage of population age 25+ whose highest level of education is Bachelor's or equivalent (ISCED 6), both sexes",UIS.EA.6.AG25T99,..,..,..,..,..,..
Canada,CAN,"UIS: Percentage of population age 25+ whose highest level of education is Bachelor's or equivalent (ISCED 6), both sexes",UIS.EA.6.AG25T99,..,..,18.6557,..,..,..
Caribbean small states,CSS,"UIS: Percentage of population age 25+ whose highest level of education is Bachelor's or equivalent (ISCED 6), both sexes",UIS.EA.6.AG25T99,..,..,..,..,..,..
Cayman Islands,CYM,"UIS: Percentage of population age 25+ whose highest level of education is Bachelor's or equivalent (ISCED 6), both sexes",UIS.EA.6.AG25T99,31.88897,20.16995,..,..,..,..
Central African Republic,CAF,"UIS: Percentage of population age 25+ whose highest level of education is Bachelor's or equivalent (ISCED 6), both sexes",UIS.EA.6.AG25T99,..,..,..,..,..,..
Central Europe and the Baltics,CEB,"UIS: Percentage of population age 25+ whose highest level of education is Bachelor's or equivalent (ISCED 6), both sexes",UIS.EA.6.AG25T99,..,..,..,..,..,..
Chad,TCD,"UIS: Percentage of population age 25+ whose highest level of education is Bachelor's or equivalent (ISCED 6), both sexes",UIS.EA.6.AG25T99,..,..,..,..,..,..
Channel Islands,CHI,"UIS: Percentage of population age 25+ whose highest level of education is Bachelor's or equivalent (ISCED 6), both sexes",UIS.EA.6.AG25T99,..,..,..,..,..,..
Chile,CHL,"UIS: Percentage of population age 25+ whose highest level of education is Bachelor's or equivalent (ISCED 6), both sexes",UIS.EA.6.AG25T99,..,11.93688,..,13.07873,..,..
China,CHN,"UIS: Percentage of population age 25+ whose highest level of education is Bachelor's or equivalent (ISCED 6), both sexes",UIS.EA.6.AG25T99,..,..,..,..,..,..
Colombia,COL,"UIS: Percentage of population age 25+ whose highest level of education is Bachelor's or equivalent (ISCED 6), both sexes",UIS.EA.6.AG25T99,7.22368,7.11991,7.58008,..,8.17961,..
Comoros,COM,"UIS: Percentage of population age 25+ whose highest level of education is Bachelor's or equivalent (ISCED 6), both sexes",UIS.EA.6.AG25T99,..,..,..,..,..,..
"Congo, Dem. Rep.",COD,"UIS: Percentage of population age 25+ whose highest level of education is Bachelor's or equivalent (ISCED 6), both sexes",UIS.EA.6.AG25T99,..,..,3.34514,..,..,..
"Congo, Rep.",COG,"UIS: Percentage of population age 25+ whose highest level of education is Bachelor's or equivalent (ISCED 6), both sexes",UIS.EA.6.AG25T99,..,..,..,..,..,..
Costa Rica,CRI,"UIS: Percentage of population age 25+ whose highest level of education is Bachelor's or equivalent (ISCED 6), both sexes",UIS.EA.6.AG25T99,20.26594,18.52793,17.93035,..,18.44761,..
Cote d'Ivoire,CIV,"UIS: Percentage of population age 25+ whose highest level of education is Bachelor's or equivalent (ISCED 6), both sexes",UIS.EA.6.AG25T99,0.98636,..,..,..,..,..
Croatia,HRV,"UIS: Percentage of population age 25+ whose highest level of education is Bachelor's or equivalent (ISCED 6), both sexes",UIS.EA.6.AG25T99,..,..,..,..,..,..
Cuba,CUB,"UIS: Percentage of population age 25+ whose highest level of education is Bachelor's or equivalent (ISCED 6), both sexes",UIS.EA.6.AG25T99,..,..,..,..,..,..
Curacao,CUW,"UIS: Percentage of population age 25+ whose highest level of education is Bachelor's or equivalent (ISCED 6), both sexes",UIS.EA.6.AG25T99,..,..,..,..,..,..
Cyprus,CYP,"UIS: Percentage of population age 25+ whose highest level of education is Bachelor's or equivalent (ISCED 6), both sexes",UIS.EA.6.AG25T99,16.46447,15.21296,15.98926,..,16.35324,..
Czech Republic,CZE,"UIS: Percentage of population age 25+ whose highest level of education is Bachelor's or equivalent (ISCED 6), both sexes",UIS.EA.6.AG25T99,4.076,4.30388,4.2673,4.61495,..,..
Denmark,DNK,"UIS: Percentage of population age 25+ whose highest level of education is Bachelor's or equivalent (ISCED 6), both sexes",UIS.EA.6.AG25T99,18.4611,19.15374,18.8196,..,19.04894,..
Djibouti,DJI,"UIS: Percentage of population age 25+ whose highest level of education is Bachelor's or equivalent (ISCED 6), both sexes",UIS.EA.6.AG25T99,..,..,..,..,..,..
Dominica,DMA,"UIS: Percentage of population age 25+ whose highest level of education is Bachelor's or equivalent (ISCED 6), both sexes",UIS.EA.6.AG25T99,..,..,..,..,..,..
Dominican Republic,DOM,"UIS: Percentage of population age 25+ whose highest level of education is Bachelor's or equivalent (ISCED 6), both sexes",UIS.EA.6.AG25T99,11.78635,12.38035,16.92551,..,..,..
Early-demographic dividend,EAR,"UIS: Percentage of population age 25+ whose highest level of education is Bachelor's or equivalent (ISCED 6), both sexes",UIS.EA.6.AG25T99,..,..,..,..,..,..
East Asia & Pacific,EAS,"UIS: Percentage of population age 25+ whose highest level of education is Bachelor's or equivalent (ISCED 6), both sexes",UIS.EA.6.AG25T99,..,..,..,..,..,..
East Asia & Pacific (excluding high income),EAP,"UIS: Percentage of population age 25+ whose highest level of education is Bachelor's or equivalent (ISCED 6), both sexes",UIS.EA.6.AG25T99,..,..,..,..,..,..
East Asia & Pacific (IDA & IBRD countries),TEA,"UIS: Percentage of population age 25+ whose highest level of education is Bachelor's or equivalent (ISCED 6), both sexes",UIS.EA.6.AG25T99,..,..,..,..,..,..
Ecuador,ECU,"UIS: Percentage of population age 25+ whose highest level of education is Bachelor's or equivalent (ISCED 6), both sexes",UIS.EA.6.AG25T99,9.44244,10.92285,10.47342,10.8929,..,..
"Egypt, Arab Rep.",EGY,"UIS: Percentage of population age 25+ whose highest level of education is Bachelor's or equivalent (ISCED 6), both sexes",UIS.EA.6.AG25T99,..,..,..,5.47492,..,..
El Salvador,SLV,"UIS: Percentage of population age 25+ whose highest level of education is Bachelor's or equivalent (ISCED 6), both sexes",UIS.EA.6.AG25T99,..,..,7.11731,6.6721,..,..
Equatorial Guinea,GNQ,"UIS: Percentage of population age 25+ whose highest level of education is Bachelor's or equivalent (ISCED 6), both sexes",UIS.EA.6.AG25T99,..,..,..,..,..,..
Eritrea,ERI,"UIS: Percentage of population age 25+ whose highest level of education is Bachelor's or equivalent (ISCED 6), both sexes",UIS.EA.6.AG25T99,..,..,..,..,..,..
Estonia,EST,"UIS: Percentage of population age 25+ whose highest level of education is Bachelor's or equivalent (ISCED 6), both sexes",UIS.EA.6.AG25T99,37.09958,37.60364,37.79958,38.7834,40.29036,..
Eswatini,SWZ,"UIS: Percentage of population age 25+ whose highest level of education is Bachelor's or equivalent (ISCED 6), both sexes",UIS.EA.6.AG25T99,..,..,..,..,..,..
Ethiopia,ETH,"UIS: Percentage of population age 25+ whose highest level of education is Bachelor's or equivalent (ISCED 6), both sexes",UIS.EA.6.AG25T99,..,..,..,..,..,..
Euro area,EMU,"UIS: Percentage of population age 25+ whose highest level of education is Bachelor's or equivalent (ISCED 6), both sexes",UIS.EA.6.AG25T99,..,..,..,..,..,..
Europe & Central Asia,ECS,"UIS: Percentage of population age 25+ whose highest level of education is Bachelor's or equivalent (ISCED 6), both sexes",UIS.EA.6.AG25T99,..,..,..,..,..,..
Europe & Central Asia (excluding high income),ECA,"UIS: Percentage of population age 25+ whose highest level of education is Bachelor's or equivalent (ISCED 6), both sexes",UIS.EA.6.AG25T99,..,..,..,..,..,..
Europe & Central Asia (IDA & IBRD countries),TEC,"UIS: Percentage of population age 25+ whose highest level of education is Bachelor's or equivalent (ISCED 6), both sexes",UIS.EA.6.AG25T99,..,..,..,..,..,..
European Union,EUU,"UIS: Percentage of population age 25+ whose highest level of education is Bachelor's or equivalent (ISCED 6), both sexes",UIS.EA.6.AG25T99,..,..,..,..,..,..
Faroe Islands,FRO,"UIS: Percentage of population age 25+ whose highest level of education is Bachelor's or equivalent (ISCED 6), both sexes",UIS.EA.6.AG25T99,..,..,..,..,..,..
Fiji,FJI,"UIS: Percentage of population age 25+ whose highest level of education is Bachelor's or equivalent (ISCED 6), both sexes",UIS.EA.6.AG25T99,..,..,..,3.68785,..,..
Finland,FIN,"UIS: Percentage of population age 25+ whose highest level of education is Bachelor's or equivalent (ISCED 6), both sexes",UIS.EA.6.AG25T99,11.43908,11.75123,..,12.4298,..,..
Fragile and conflict affected situations,FCS,"UIS: Percentage of population age 25+ whose highest level of education is Bachelor's or equivalent (ISCED 6), both sexes",UIS.EA.6.AG25T99,..,..,..,..,..,..
France,FRA,"UIS: Percentage of population age 25+ whose highest level of education is Bachelor's or equivalent (ISCED 6), both sexes",UIS.EA.6.AG25T99,8.02521,8.87007,8.28207,8.48641,..,..
French Polynesia,PYF,"UIS: Percentage of population age 25+ whose highest level of education is Bachelor's or equivalent (ISCED 6), both sexes",UIS.EA.6.AG25T99,..,..,..,..,..,..
Gabon,GAB,"UIS: Percentage of population age 25+ whose highest level of education is Bachelor's or equivalent (ISCED 6), both sexes",UIS.EA.6.AG25T99,..,..,..,..,..,..
"Gambia, The",GMB,"UIS: Percentage of population age 25+ whose highest level of education is Bachelor's or equivalent (ISCED 6), both sexes",UIS.EA.6.AG25T99,..,1.42313,..,..,..,..
Georgia,GEO,"UIS: Percentage of population age 25+ whose highest level of education is Bachelor's or equivalent (ISCED 6), both sexes",UIS.EA.6.AG25T99,3.44234,..,4.69581,6.87118,..,..
Germany,DEU,"UIS: Percentage of population age 25+ whose highest level of education is Bachelor's or equivalent (ISCED 6), both sexes",UIS.EA.6.AG25T99,13.41489,13.68221,14.04183,..,13.91595,..
Ghana,GHA,"UIS: Percentage of population age 25+ whose highest level of education is Bachelor's or equivalent (ISCED 6), both sexes",UIS.EA.6.AG25T99,..,..,..,..,..,..
Gibraltar,GIB,"UIS: Percentage of population age 25+ whose highest level of education is Bachelor's or equivalent (ISCED 6), both sexes",UIS.EA.6.AG25T99,..,..,..,..,..,..
Global Partnership for Education,FTI,"UIS: Percentage of population age 25+ whose highest level of education is Bachelor's or equivalent (ISCED 6), both sexes",UIS.EA.6.AG25T99,..,..,..,..,..,..
Greece,GRC,"UIS: Percentage of population age 25+ whose highest level of education is Bachelor's or equivalent (ISCED 6), both sexes",UIS.EA.6.AG25T99,19.78209,20.77886,17.72143,..,..,..
Greenland,GRL,"UIS: Percentage of population age 25+ whose highest level of education is Bachelor's or equivalent (ISCED 6), both sexes",UIS.EA.6.AG25T99,7.44786,7.53907,..,..,7.58572,..
Grenada,GRD,"UIS: Percentage of population age 25+ whose highest level of education is Bachelor's or equivalent (ISCED 6), both sexes",UIS.EA.6.AG25T99,..,..,..,..,..,..
Guam,GUM,"UIS: Percentage of population age 25+ whose highest level of education is Bachelor's or equivalent (ISCED 6), both sexes",UIS.EA.6.AG25T99,..,..,..,..,..,..
Guatemala,GTM,"UIS: Percentage of population age 25+ whose highest level of education is Bachelor's or equivalent (ISCED 6), both sexes",UIS.EA.6.AG25T99,6.52668,..,..,..,..,..
Guinea,GIN,"UIS: Percentage of population age 25+ whose highest level of education is Bachelor's or equivalent (ISCED 6), both sexes",UIS.EA.6.AG25T99,4.22704,..,..,..,..,..
Guinea-Bissau,GNB,"UIS: Percentage of population age 25+ whose highest level of education is Bachelor's or equivalent (ISCED 6), both sexes",UIS.EA.6.AG25T99,..,..,..,..,..,..
Guyana,GUY,"UIS: Percentage of population age 25+ whose highest level of education is Bachelor's or equivalent (ISCED 6), both sexes",UIS.EA.6.AG25T99,..,..,..,..,..,..
Haiti,HTI,"UIS: Percentage of population age 25+ whose highest level of education is Bachelor's or equivalent (ISCED 6), both sexes",UIS.EA.6.AG25T99,..,..,..,..,..,..
Heavily indebted poor countries (HIPC),HPC,"UIS: Percentage of population age 25+ whose highest level of education is Bachelor's or equivalent (ISCED 6), both sexes",UIS.EA.6.AG25T99,..,..,..,..,..,..
High income,HIC,"UIS: Percentage of population age 25+ whose highest level of education is Bachelor's or equivalent (ISCED 6), both sexes",UIS.EA.6.AG25T99,..,..,..,..,..,..
Honduras,HND,"UIS: Percentage of population age 25+ whose highest level of education is Bachelor's or equivalent (ISCED 6), both sexes",UIS.EA.6.AG25T99,6.25146,9.30351,10.44316,..,9.53169,..
"Hong Kong SAR, China",HKG,"UIS: Percentage of population age 25+ whose highest level of education is Bachelor's or equivalent (ISCED 6), both sexes",UIS.EA.6.AG25T99,20.55065,21.72613,..,22.9105,..,..
Hungary,HUN,"UIS: Percentage of population age 25+ whose highest level of education is Bachelor's or equivalent (ISCED 6), both sexes",UIS.EA.6.AG25T99,11.42195,11.77454,11.75492,..,..,..
IBRD only,IBD,"UIS: Percentage of population age 25+ whose highest level of education is Bachelor's or equivalent (ISCED 6), both sexes",UIS.EA.6.AG25T99,..,..,..,..,..,..
Iceland,ISL,"UIS: Percentage of population age 25+ whose highest level of education is Bachelor's or equivalent (ISCED 6), both sexes",UIS.EA.6.AG25T99,..,..,..,..,..,..
IDA & IBRD total,IBT,"UIS: Percentage of population age 25+ whose highest level of education is Bachelor's or equivalent (ISCED 6), both sexes",UIS.EA.6.AG25T99,..,..,..,..,..,..
IDA blend,IDB,"UIS: Percentage of population age 25+ whose highest level of education is Bachelor's or equivalent (ISCED 6), both sexes",UIS.EA.6.AG25T99,..,..,..,..,..,..
IDA only,IDX,"UIS: Percentage of population age 25+ whose highest level of education is Bachelor's or equivalent (ISCED 6), both sexes",UIS.EA.6.AG25T99,..,..,..,..,..,..
IDA total,IDA,"UIS: Percentage of population age 25+ whose highest level of education is Bachelor's or equivalent (ISCED 6), both sexes",UIS.EA.6.AG25T99,..,..,..,..,..,..
India,IND,"UIS: Percentage of population age 25+ whose highest level of education is Bachelor's or equivalent (ISCED 6), both sexes",UIS.EA.6.AG25T99,..,..,..,..,..,..
Indonesia,IDN,"UIS: Percentage of population age 25+ whose highest level of education is Bachelor's or equivalent (ISCED 6), both sexes",UIS.EA.6.AG25T99,7.40205,7.96654,8.2454,..,8.75993,..
"Iran, Islamic Rep.",IRN,"UIS: Percentage of population age 25+ whose highest level of education is Bachelor's or equivalent (ISCED 6), both sexes",UIS.EA.6.AG25T99,13.22761,..,13.71869,..,..,..
Iraq,IRQ,"UIS: Percentage of population age 25+ whose highest level of education is Bachelor's or equivalent (ISCED 6), both sexes",UIS.EA.6.AG25T99,..,..,..,..,..,..
Ireland,IRL,"UIS: Percentage of population age 25+ whose highest level of education is Bachelor's or equivalent (ISCED 6), both sexes",UIS.EA.6.AG25T99,..,..,..,18.55844,..,..
Isle of Man,IMN,"UIS: Percentage of population age 25+ whose highest level of education is Bachelor's or equivalent (ISCED 6), both sexes",UIS.EA.6.AG25T99,..,..,..,..,..,..
Israel,ISR,"UIS: Percentage of population age 25+ whose highest level of education is Bachelor's or equivalent (ISCED 6), both sexes",UIS.EA.6.AG25T99,20.19493,20.43651,..,..,..,..
Italy,ITA,"UIS: Percentage of population age 25+ whose highest level of education is Bachelor's or equivalent (ISCED 6), both sexes",UIS.EA.6.AG25T99,13.84892,14.35266,..,..,..,..
Jamaica,JAM,"UIS: Percentage of population age 25+ whose highest level of education is Bachelor's or equivalent (ISCED 6), both sexes",UIS.EA.6.AG25T99,..,..,..,..,..,..
Japan,JPN,"UIS: Percentage of population age 25+ whose highest level of education is Bachelor's or equivalent (ISCED 6), both sexes",UIS.EA.6.AG25T99,..,..,..,..,..,..
Jordan,JOR,"UIS: Percentage of population age 25+ whose highest level of education is Bachelor's or equivalent (ISCED 6), both sexes",UIS.EA.6.AG25T99,..,..,..,..,..,..
Kazakhstan,KAZ,"UIS: Percentage of population age 25+ whose highest level of education is Bachelor's or equivalent (ISCED 6), both sexes",UIS.EA.6.AG25T99,..,..,..,..,33.99193,..
Kenya,KEN,"UIS: Percentage of population age 25+ whose highest level of education is Bachelor's or equivalent (ISCED 6), both sexes",UIS.EA.6.AG25T99,..,..,..,..,..,..
Kiribati,KIR,"UIS: Percentage of population age 25+ whose highest level of education is Bachelor's or equivalent (ISCED 6), both sexes",UIS.EA.6.AG25T99,..,..,..,..,..,..
"Korea, Dem. People’s Rep.",PRK,"UIS: Percentage of population age 25+ whose highest level of education is Bachelor's or equivalent (ISCED 6), both sexes",UIS.EA.6.AG25T99,..,..,..,..,..,..
"Korea, Rep.",KOR,"UIS: Percentage of population age 25+ whose highest level of education is Bachelor's or equivalent (ISCED 6), both sexes",UIS.EA.6.AG25T99,..,24.23703,..,..,..,..
Kosovo,XKX,"UIS: Percentage of population age 25+ whose highest level of education is Bachelor's or equivalent (ISCED 6), both sexes",UIS.EA.6.AG25T99,..,..,..,..,..,..
Kuwait,KWT,"UIS: Percentage of population age 25+ whose highest level of education is Bachelor's or equivalent (ISCED 6), both sexes",UIS.EA.6.AG25T99,..,8.33112,..,9.40599,9.82298,..
Kyrgyz Republic,KGZ,"UIS: Percentage of population age 25+ whose highest level of education is Bachelor's or equivalent (ISCED 6), both sexes",UIS.EA.6.AG25T99,..,..,..,..,..,..
Lao PDR,LAO,"UIS: Percentage of population age 25+ whose highest level of education is Bachelor's or equivalent (ISCED 6), both sexes",UIS.EA.6.AG25T99,..,..,..,..,..,..
Late-demographic dividend,LTE,"UIS: Percentage of population age 25+ whose highest level of education is Bachelor's or equivalent (ISCED 6), both sexes",UIS.EA.6.AG25T99,..,..,..,..,..,..
Latin America & Caribbean,LCN,"UIS: Percentage of population age 25+ whose highest level of education is Bachelor's or equivalent (ISCED 6), both sexes",UIS.EA.6.AG25T99,..,..,..,..,..,..
Latin America & Caribbean (excluding high income),LAC,"UIS: Percentage of population age 25+ whose highest level of education is Bachelor's or equivalent (ISCED 6), both sexes",UIS.EA.6.AG25T99,..,..,..,..,..,..
Latin America & the Caribbean (IDA & IBRD countries),TLA,"UIS: Percentage of population age 25+ whose highest level of education is Bachelor's or equivalent (ISCED 6), both sexes",UIS.EA.6.AG25T99,..,..,..,..,..,..
Latvia,LVA,"UIS: Percentage of population age 25+ whose highest level of education is Bachelor's or equivalent (ISCED 6), both sexes",UIS.EA.6.AG25T99,15.89647,16.08997,17.50337,..,15.42626,..
Least developed countries: UN classification,LDC,"UIS: Percentage of population age 25+ whose highest level of education is Bachelor's or equivalent (ISCED 6), both sexes",UIS.EA.6.AG25T99,..,..,..,..,..,..
Lebanon,LBN,"UIS: Percentage of population age 25+ whose highest level of education is Bachelor's or equivalent (ISCED 6), both sexes",UIS.EA.6.AG25T99,..,..,..,..,..,..
Lending category not classified,LNX,"UIS: Percentage of population age 25+ whose highest level of education is Bachelor's or equivalent (ISCED 6), both sexes",UIS.EA.6.AG25T99,..,..,..,..,..,..
Lesotho,LSO,"UIS: Percentage of population age 25+ whose highest level of education is Bachelor's or equivalent (ISCED 6), both sexes",UIS.EA.6.AG25T99,..,..,..,..,..,..
Liberia,LBR,"UIS: Percentage of population age 25+ whose highest level of education is Bachelor's or equivalent (ISCED 6), both sexes",UIS.EA.6.AG25T99,..,..,..,..,..,..
Libya,LBY,"UIS: Percentage of population age 25+ whose highest level of education is Bachelor's or equivalent (ISCED 6), both sexes",UIS.EA.6.AG25T99,..,..,..,..,..,..
Liechtenstein,LIE,"UIS: Percentage of population age 25+ whose highest level of education is Bachelor's or equivalent (ISCED 6), both sexes",UIS.EA.6.AG25T99,..,..,..,..,..,..
Lithuania,LTU,"UIS: Percentage of population age 25+ whose highest level of education is Bachelor's or equivalent (ISCED 6), both sexes",UIS.EA.6.AG25T99,18.29795,19.09123,20.49972,21.1873,..,..
Low & middle income,LMY,"UIS: Percentage of population age 25+ whose highest level of education is Bachelor's or equivalent (ISCED 6), both sexes",UIS.EA.6.AG25T99,..,..,..,..,..,..
Low income,LIC,"UIS: Percentage of population age 25+ whose highest level of education is Bachelor's or equivalent (ISCED 6), both sexes",UIS.EA.6.AG25T99,..,..,..,..,..,..
Lower middle income,LMC,"UIS: Percentage of population age 25+ whose highest level of education is Bachelor's or equivalent (ISCED 6), both sexes",UIS.EA.6.AG25T99,..,..,..,..,..,..
Luxembourg,LUX,"UIS: Percentage of population age 25+ whose highest level of education is Bachelor's or equivalent (ISCED 6), both sexes",UIS.EA.6.AG25T99,43.1259,34.27727,..,..,..,..
"Macao SAR, China",MAC,"UIS: Percentage of population age 25+ whose highest level of education is Bachelor's or equivalent (ISCED 6), both sexes",UIS.EA.6.AG25T99,..,..,..,..,..,..
Madagascar,MDG,"UIS: Percentage of population age 25+ whose highest level of education is Bachelor's or equivalent (ISCED 6), both sexes",UIS.EA.6.AG25T99,..,..,..,..,..,..
Malawi,MWI,"UIS: Percentage of population age 25+ whose highest level of education is Bachelor's or equivalent (ISCED 6), both sexes",UIS.EA.6.AG25T99,..,..,..,..,..,..
Malaysia,MYS,"UIS: Percentage of population age 25+ whose highest level of education is Bachelor's or equivalent (ISCED 6), both sexes",UIS.EA.6.AG25T99,..,..,9.71698,..,..,..
Maldives,MDV,"UIS: Percentage of population age 25+ whose highest level of education is Bachelor's or equivalent (ISCED 6), both sexes",UIS.EA.6.AG25T99,..,..,..,..,..,..
Mali,MLI,"UIS: Percentage of population age 25+ whose highest level of education is Bachelor's or equivalent (ISCED 6), both sexes",UIS.EA.6.AG25T99,..,2.30641,1.52673,..,2.13793,..
Malta,MLT,"UIS: Percentage of population age 25+ whose highest level of education is Bachelor's or equivalent (ISCED 6), both sexes",UIS.EA.6.AG25T99,9.24078,8.8647,8.96614,..,11.78225,..
Marshall Islands,MHL,"UIS: Percentage of population age 25+ whose highest level of education is Bachelor's or equivalent (ISCED 6), both sexes",UIS.EA.6.AG25T99,..,..,..,..,..,..
Mauritania,MRT,"UIS: Percentage of population age 25+ whose highest level of education is Bachelor's or equivalent (ISCED 6), both sexes",UIS.EA.6.AG25T99,..,..,..,..,..,..
Mauritius,MUS,"UIS: Percentage of population age 25+ whose highest level of education is Bachelor's or equivalent (ISCED 6), both sexes",UIS.EA.6.AG25T99,..,..,..,..,..,..
Mayotte,MYT,"UIS: Percentage of population age 25+ whose highest level of education is Bachelor's or equivalent (ISCED 6), both sexes",UIS.EA.6.AG25T99,..,..,..,..,..,..
Mexico,MEX,"UIS: Percentage of population age 25+ whose highest level of education is Bachelor's or equivalent (ISCED 6), both sexes",UIS.EA.6.AG25T99,12.7043,12.64644,13.30477,13.91733,14.48752,..
"Micronesia, Fed. Sts.",FSM,"UIS: Percentage of population age 25+ whose highest level of education is Bachelor's or equivalent (ISCED 6), both sexes",UIS.EA.6.AG25T99,..,..,..,..,..,..
Middle East & North Africa,MEA,"UIS: Percentage of population age 25+ whose highest level of education is Bachelor's or equivalent (ISCED 6), both sexes",UIS.EA.6.AG25T99,..,..,..,..,..,..
Middle East & North Africa (excluding high income),MNA,"UIS: Percentage of population age 25+ whose highest level of education is Bachelor's or equivalent (ISCED 6), both sexes",UIS.EA.6.AG25T99,..,..,..,..,..,..
Middle East & North Africa (IDA & IBRD countries),TMN,"UIS: Percentage of population age 25+ whose highest level of education is Bachelor's or equivalent (ISCED 6), both sexes",UIS.EA.6.AG25T99,..,..,..,..,..,..
Middle income,MIC,"UIS: Percentage of population age 25+ whose highest level of education is Bachelor's or equivalent (ISCED 6), both sexes",UIS.EA.6.AG25T99,..,..,..,..,..,..
Moldova,MDA,"UIS: Percentage of population age 25+ whose highest level of education is Bachelor's or equivalent (ISCED 6), both sexes",UIS.EA.6.AG25T99,19.39665,18.38774,..,..,19.00961,..
Monaco,MCO,"UIS: Percentage of population age 25+ whose highest level of education is Bachelor's or equivalent (ISCED 6), both sexes",UIS.EA.6.AG25T99,..,..,..,..,..,..
Mongolia,MNG,"UIS: Percentage of population age 25+ whose highest level of education is Bachelor's or equivalent (ISCED 6), both sexes",UIS.EA.6.AG25T99,..,..,..,..,..,..
Montenegro,MNE,"UIS: Percentage of population age 25+ whose highest level of education is Bachelor's or equivalent (ISCED 6), both sexes",UIS.EA.6.AG25T99,..,..,..,..,..,..
Morocco,MAR,"UIS: Percentage of population age 25+ whose highest level of education is Bachelor's or equivalent (ISCED 6), both sexes",UIS.EA.6.AG25T99,..,..,..,..,..,..
Mozambique,MOZ,"UIS: Percentage of population age 25+ whose highest level of education is Bachelor's or equivalent (ISCED 6), both sexes",UIS.EA.6.AG25T99,..,1.80533,..,1.61935,..,..
Myanmar,MMR,"UIS: Percentage of population age 25+ whose highest level of education is Bachelor's or equivalent (ISCED 6), both sexes",UIS.EA.6.AG25T99,..,..,..,..,..,..
Namibia,NAM,"UIS: Percentage of population age 25+ whose highest level of education is Bachelor's or equivalent (ISCED 6), both sexes",UIS.EA.6.AG25T99,..,..,..,..,..,..
Nauru,NRU,"UIS: Percentage of population age 25+ whose highest level of education is Bachelor's or equivalent (ISCED 6), both sexes",UIS.EA.6.AG25T99,..,..,..,..,..,..
Nepal,NPL,"UIS: Percentage of population age 25+ whose highest level of education is Bachelor's or equivalent (ISCED 6), both sexes",UIS.EA.6.AG25T99,..,..,..,..,..,..
Netherlands,NLD,"UIS: Percentage of population age 25+ whose highest level of education is Bachelor's or equivalent (ISCED 6), both sexes",UIS.EA.6.AG25T99,17.22468,17.90097,18.09324,..,19.05391,..
Netherlands Antilles,ANT,"UIS: Percentage of population age 25+ whose highest level of education is Bachelor's or equivalent (ISCED 6), both sexes",UIS.EA.6.AG25T99,..,..,..,..,..,..
New Caledonia,NCL,"UIS: Percentage of population age 25+ whose highest level of education is Bachelor's or equivalent (ISCED 6), both sexes",UIS.EA.6.AG25T99,..,..,..,..,..,..
New Zealand,NZL,"UIS: Percentage of population age 25+ whose highest level of education is Bachelor's or equivalent (ISCED 6), both sexes",UIS.EA.6.AG25T99,21.50789,21.71591,22.49891,..,..,..
Nicaragua,NIC,"UIS: Percentage of population age 25+ whose highest level of education is Bachelor's or equivalent (ISCED 6), both sexes",UIS.EA.6.AG25T99,..,..,..,..,..,..
Niger,NER,"UIS: Percentage of population age 25+ whose highest level of education is Bachelor's or equivalent (ISCED 6), both sexes",UIS.EA.6.AG25T99,..,..,..,..,..,..
Nigeria,NGA,"UIS: Percentage of population age 25+ whose highest level of education is Bachelor's or equivalent (ISCED 6), both sexes",UIS.EA.6.AG25T99,..,..,..,..,..,..
North America,NAC,"UIS: Percentage of population age 25+ whose highest level of education is Bachelor's or equivalent (ISCED 6), both sexes",UIS.EA.6.AG25T99,..,..,..,..,..,..
North Macedonia,MKD,"UIS: Percentage of population age 25+ whose highest level of education is Bachelor's or equivalent (ISCED 6), both sexes",UIS.EA.6.AG25T99,..,..,..,..,..,..
Northern Mariana Islands,MNP,"UIS: Percentage of population age 25+ whose highest level of education is Bachelor's or equivalent (ISCED 6), both sexes",UIS.EA.6.AG25T99,..,..,..,..,..,..
Norway,NOR,"UIS: Percentage of population age 25+ whose highest level of education is Bachelor's or equivalent (ISCED 6), both sexes",UIS.EA.6.AG25T99,15.41847,15.94162,16.1927,16.42532,..,..
OECD members,OED,"UIS: Percentage of population age 25+ whose highest level of education is Bachelor's or equivalent (ISCED 6), both sexes",UIS.EA.6.AG25T99,..,..,..,..,..,..
Oman,OMN,"UIS: Percentage of population age 25+ whose highest level of education is Bachelor's or equivalent (ISCED 6), both sexes",UIS.EA.6.AG25T99,..,10.64194,..,..,..,..
Other small states,OSS,"UIS: Percentage of population age 25+ whose highest level of education is Bachelor's or equivalent (ISCED 6), both sexes",UIS.EA.6.AG25T99,..,..,..,..,..,..
Pacific island small states,PSS,"UIS: Percentage of population age 25+ whose highest level of education is Bachelor's or equivalent (ISCED 6), both sexes",UIS.EA.6.AG25T99,..,..,..,..,..,..
Pakistan,PAK,"UIS: Percentage of population age 25+ whose highest level of education is Bachelor's or equivalent (ISCED 6), both sexes",UIS.EA.6.AG25T99,6.87249,..,6.88274,6.81382,..,..
Palau,PLW,"UIS: Percentage of population age 25+ whose highest level of education is Bachelor's or equivalent (ISCED 6), both sexes",UIS.EA.6.AG25T99,..,..,..,..,..,..
Panama,PAN,"UIS: Percentage of population age 25+ whose highest level of education is Bachelor's or equivalent (ISCED 6), both sexes",UIS.EA.6.AG25T99,..,..,..,..,..,..
Papua New Guinea,PNG,"UIS: Percentage of population age 25+ whose highest level of education is Bachelor's or equivalent (ISCED 6), both sexes",UIS.EA.6.AG25T99,..,..,..,..,..,..
Paraguay,PRY,"UIS: Percentage of population age 25+ whose highest level of education is Bachelor's or equivalent (ISCED 6), both sexes",UIS.EA.6.AG25T99,5.29086,5.86717,5.67646,..,6.05975,..
Peru,PER,"UIS: Percentage of population age 25+ whose highest level of education is Bachelor's or equivalent (ISCED 6), both sexes",UIS.EA.6.AG25T99,19.23234,19.2174,..,..,10.01294,..
Philippines,PHL,"UIS: Percentage of population age 25+ whose highest level of education is Bachelor's or equivalent (ISCED 6), both sexes",UIS.EA.6.AG25T99,..,..,..,15.63124,..,..
Poland,POL,"UIS: Percentage of population age 25+ whose highest level of education is Bachelor's or equivalent (ISCED 6), both sexes",UIS.EA.6.AG25T99,4.95565,..,5.67846,..,..,..
Portugal,PRT,"UIS: Percentage of population age 25+ whose highest level of education is Bachelor's or equivalent (ISCED 6), both sexes",UIS.EA.6.AG25T99,3.9682,4.24119,4.70067,5.02693,5.01244,..
Post-demographic dividend,PST,"UIS: Percentage of population age 25+ whose highest level of education is Bachelor's or equivalent (ISCED 6), both sexes",UIS.EA.6.AG25T99,..,..,..,..,..,..
Pre-demographic dividend,PRE,"UIS: Percentage of population age 25+ whose highest level of education is Bachelor's or equivalent (ISCED 6), both sexes",UIS.EA.6.AG25T99,..,..,..,..,..,..
Puerto Rico,PRI,"UIS: Percentage of population age 25+ whose highest level of education is Bachelor's or equivalent (ISCED 6), both sexes",UIS.EA.6.AG25T99,..,..,..,5.47106,..,..
Qatar,QAT,"UIS: Percentage of population age 25+ whose highest level of education is Bachelor's or equivalent (ISCED 6), both sexes",UIS.EA.6.AG25T99,20.30606,..,17.44888,17.56352,..,..
Romania,ROU,"UIS: Percentage of population age 25+ whose highest level of education is Bachelor's or equivalent (ISCED 6), both sexes",UIS.EA.6.AG25T99,3.74412,..,..,..,..,..
Russian Federation,RUS,"UIS: Percentage of population age 25+ whose highest level of education is Bachelor's or equivalent (ISCED 6), both sexes",UIS.EA.6.AG25T99,..,..,..,..,..,..
Rwanda,RWA,"UIS: Percentage of population age 25+ whose highest level of education is Bachelor's or equivalent (ISCED 6), both sexes",UIS.EA.6.AG25T99,2.00719,..,..,..,3.75243,..
Samoa,WSM,"UIS: Percentage of population age 25+ whose highest level of education is Bachelor's or equivalent (ISCED 6), both sexes",UIS.EA.6.AG25T99,..,..,..,..,..,..
San Marino,SMR,"UIS: Percentage of population age 25+ whose highest level of education is Bachelor's or equivalent (ISCED 6), both sexes",UIS.EA.6.AG25T99,..,..,..,..,4.30499,..
Sao Tome and Principe,STP,"UIS: Percentage of population age 25+ whose highest level of education is Bachelor's or equivalent (ISCED 6), both sexes",UIS.EA.6.AG25T99,..,..,..,..,..,..
Saudi Arabia,SAU,"UIS: Percentage of population age 25+ whose highest level of education is Bachelor's or equivalent (ISCED 6), both sexes",UIS.EA.6.AG25T99,..,..,..,23.45694,..,..
Senegal,SEN,"UIS: Percentage of population age 25+ whose highest level of education is Bachelor's or equivalent (ISCED 6), both sexes",UIS.EA.6.AG25T99,..,..,..,1.22778,..,..
Serbia,SRB,"UIS: Percentage of population age 25+ whose highest level of education is Bachelor's or equivalent (ISCED 6), both sexes",UIS.EA.6.AG25T99,11.27903222,11.71409,12.33025,12.72185,..,..
Seychelles,SYC,"UIS: Percentage of population age 25+ whose highest level of education is Bachelor's or equivalent (ISCED 6), both sexes",UIS.EA.6.AG25T99,..,..,..,..,..,..
Sierra Leone,SLE,"UIS: Percentage of population age 25+ whose highest level of education is Bachelor's or equivalent (ISCED 6), both sexes",UIS.EA.6.AG25T99,..,..,..,..,..,..
Singapore,SGP,"UIS: Percentage of population age 25+ whose highest level of education is Bachelor's or equivalent (ISCED 6), both sexes",UIS.EA.6.AG25T99,27.74241,28.21053,29.12792,30.70518,31.59559,..
Sint Maarten (Dutch part),SXM,"UIS: Percentage of population age 25+ whose highest level of education is Bachelor's or equivalent (ISCED 6), both sexes",UIS.EA.6.AG25T99,..,..,..,..,..,..
Slovak Republic,SVK,"UIS: Percentage of population age 25+ whose highest level of education is Bachelor's or equivalent (ISCED 6), both sexes",UIS.EA.6.AG25T99,2.70236,2.39324,0.7412,2.11587,..,..
Slovenia,SVN,"UIS: Percentage of population age 25+ whose highest level of education is Bachelor's or equivalent (ISCED 6), both sexes",UIS.EA.6.AG25T99,4.9447,4.37622,4.98888,5.3589,..,..
Small states,SST,"UIS: Percentage of population age 25+ whose highest level of education is Bachelor's or equivalent (ISCED 6), both sexes",UIS.EA.6.AG25T99,..,..,..,..,..,..
Solomon Islands,SLB,"UIS: Percentage of population age 25+ whose highest level of education is Bachelor's or equivalent (ISCED 6), both sexes",UIS.EA.6.AG25T99,..,..,..,..,..,..
Somalia,SOM,"UIS: Percentage of population age 25+ whose highest level of education is Bachelor's or equivalent (ISCED 6), both sexes",UIS.EA.6.AG25T99,..,..,..,..,..,..
South Africa,ZAF,"UIS: Percentage of population age 25+ whose highest level of education is Bachelor's or equivalent (ISCED 6), both sexes",UIS.EA.6.AG25T99,6.24111,4.79342,..,6.77162,..,..
South Asia,SAS,"UIS: Percentage of population age 25+ whose highest level of education is Bachelor's or equivalent (ISCED 6), both sexes",UIS.EA.6.AG25T99,..,..,..,..,..,..
South Asia (IDA & IBRD),TSA,"UIS: Percentage of population age 25+ whose highest level of education is Bachelor's or equivalent (ISCED 6), both sexes",UIS.EA.6.AG25T99,..,..,..,..,..,..
South Sudan,SSD,"UIS: Percentage of population age 25+ whose highest level of education is Bachelor's or equivalent (ISCED 6), both sexes",UIS.EA.6.AG25T99,..,..,..,..,..,..
Spain,ESP,"UIS: Percentage of population age 25+ whose highest level of education is Bachelor's or equivalent (ISCED 6), both sexes",UIS.EA.6.AG25T99,..,..,8.39807,..,9.01206,..
Sri Lanka,LKA,"UIS: Percentage of population age 25+ whose highest level of education is Bachelor's or equivalent (ISCED 6), both sexes",UIS.EA.6.AG25T99,..,..,3.12328,3.4292,3.55193,..
St. Kitts and Nevis,KNA,"UIS: Percentage of population age 25+ whose highest level of education is Bachelor's or equivalent (ISCED 6), both sexes",UIS.EA.6.AG25T99,..,..,..,..,..,..
St. Lucia,LCA,"UIS: Percentage of population age 25+ whose highest level of education is Bachelor's or equivalent (ISCED 6), both sexes",UIS.EA.6.AG25T99,..,..,..,..,..,..
St. Martin (French part),MAF,"UIS: Percentage of population age 25+ whose highest level of education is Bachelor's or equivalent (ISCED 6), both sexes",UIS.EA.6.AG25T99,..,..,..,..,..,..
St. Vincent and the Grenadines,VCT,"UIS: Percentage of population age 25+ whose highest level of education is Bachelor's or equivalent (ISCED 6), both sexes",UIS.EA.6.AG25T99,..,..,..,..,..,..
Sub-Saharan Africa,SSF,"UIS: Percentage of population age 25+ whose highest level of education is Bachelor's or equivalent (ISCED 6), both sexes",UIS.EA.6.AG25T99,..,..,..,..,..,..
Sub-Saharan Africa (excluding high income),SSA,"UIS: Percentage of population age 25+ whose highest level of education is Bachelor's or equivalent (ISCED 6), both sexes",UIS.EA.6.AG25T99,..,..,..,..,..,..
Sub-Saharan Africa (IDA & IBRD countries),TSS,"UIS: Percentage of population age 25+ whose highest level of education is Bachelor's or equivalent (ISCED 6), both sexes",UIS.EA.6.AG25T99,..,..,..,..,..,..
Sudan,SDN,"UIS: Percentage of population age 25+ whose highest level of education is Bachelor's or equivalent (ISCED 6), both sexes",UIS.EA.6.AG25T99,..,..,..,..,..,..
Suriname,SUR,"UIS: Percentage of population age 25+ whose highest level of education is Bachelor's or equivalent (ISCED 6), both sexes",UIS.EA.6.AG25T99,..,..,..,..,..,..
Sweden,SWE,"UIS: Percentage of population age 25+ whose highest level of education is Bachelor's or equivalent (ISCED 6), both sexes",UIS.EA.6.AG25T99,11.70686,11.93072,12.13663,12.3726,..,..
Switzerland,CHE,"UIS: Percentage of population age 25+ whose highest level of education is Bachelor's or equivalent (ISCED 6), both sexes",UIS.EA.6.AG25T99,17.34843,17.87665,17.60346,..,18.83028,..
Syrian Arab Republic,SYR,"UIS: Percentage of population age 25+ whose highest level of education is Bachelor's or equivalent (ISCED 6), both sexes",UIS.EA.6.AG25T99,..,..,..,..,..,..
Tajikistan,TJK,"UIS: Percentage of population age 25+ whose highest level of education is Bachelor's or equivalent (ISCED 6), both sexes",UIS.EA.6.AG25T99,..,..,..,0.90241,..,..
Tanzania,TZA,"UIS: Percentage of population age 25+ whose highest level of education is Bachelor's or equivalent (ISCED 6), both sexes",UIS.EA.6.AG25T99,..,..,..,..,..,..
Thailand,THA,"UIS: Percentage of population age 25+ whose highest level of education is Bachelor's or equivalent (ISCED 6), both sexes",UIS.EA.6.AG25T99,..,..,12.60395,..,12.79206,..
Timor-Leste,TLS,"UIS: Percentage of population age 25+ whose highest level of education is Bachelor's or equivalent (ISCED 6), both sexes",UIS.EA.6.AG25T99,..,..,..,..,..,..
Togo,TGO,"UIS: Percentage of population age 25+ whose highest level of education is Bachelor's or equivalent (ISCED 6), both sexes",UIS.EA.6.AG25T99,..,..,..,..,..,..
Tokelau,TKL,"UIS: Percentage of population age 25+ whose highest level of education is Bachelor's or equivalent (ISCED 6), both sexes",UIS.EA.6.AG25T99,..,..,..,..,..,..
Tonga,TON,"UIS: Percentage of population age 25+ whose highest level of education is Bachelor's or equivalent (ISCED 6), both sexes",UIS.EA.6.AG25T99,..,..,..,..,..,..
Trinidad and Tobago,TTO,"UIS: Percentage of population age 25+ whose highest level of education is Bachelor's or equivalent (ISCED 6), both sexes",UIS.EA.6.AG25T99,..,..,..,..,..,..
Tunisia,TUN,"UIS: Percentage of population age 25+ whose highest level of education is Bachelor's or equivalent (ISCED 6), both sexes",UIS.EA.6.AG25T99,..,..,15.15784,..,..,..
Turkey,TUR,"UIS: Percentage of population age 25+ whose highest level of education is Bachelor's or equivalent (ISCED 6), both sexes",UIS.EA.6.AG25T99,13.94469,14.49236,16.21765,16.67336,..,..
Turkmenistan,TKM,"UIS: Percentage of population age 25+ whose highest level of education is Bachelor's or equivalent (ISCED 6), both sexes",UIS.EA.6.AG25T99,..,..,..,..,..,..
Turks and Caicos Islands,TCA,"UIS: Percentage of population age 25+ whose highest level of education is Bachelor's or equivalent (ISCED 6), both sexes",UIS.EA.6.AG25T99,..,..,..,..,..,..
Tuvalu,TUV,"UIS: Percentage of population age 25+ whose highest level of education is Bachelor's or equivalent (ISCED 6), both sexes",UIS.EA.6.AG25T99,..,..,..,..,..,..
Uganda,UGA,"UIS: Percentage of population age 25+ whose highest level of education is Bachelor's or equivalent (ISCED 6), both sexes",UIS.EA.6.AG25T99,..,..,..,..,..,..
Ukraine,UKR,"UIS: Percentage of population age 25+ whose highest level of education is Bachelor's or equivalent (ISCED 6), both sexes",UIS.EA.6.AG25T99,..,..,..,..,..,..
United Arab Emirates,ARE,"UIS: Percentage of population age 25+ whose highest level of education is Bachelor's or equivalent (ISCED 6), both sexes",UIS.EA.6.AG25T99,..,..,15.99735,38.21648,37.21911,..
United Kingdom,GBR,"UIS: Percentage of population age 25+ whose highest level of education is Bachelor's or equivalent (ISCED 6), both sexes",UIS.EA.6.AG25T99,17.05915,..,..,17.16873,..,..
United States,USA,"UIS: Percentage of population age 25+ whose highest level of education is Bachelor's or equivalent (ISCED 6), both sexes",UIS.EA.6.AG25T99,20.19044,20.50592,20.82569,..,21.94209,..
Upper middle income,UMC,"UIS: Percentage of population age 25+ whose highest level of education is Bachelor's or equivalent (ISCED 6), both sexes",UIS.EA.6.AG25T99,..,..,..,..,..,..
Uruguay,URY,"UIS: Percentage of population age 25+ whose highest level of education is Bachelor's or equivalent (ISCED 6), both sexes",UIS.EA.6.AG25T99,5.77592,8.79913,8.74421,9.42617,9.39183,..
Uzbekistan,UZB,"UIS: Percentage of population age 25+ whose highest level of education is Bachelor's or equivalent (ISCED 6), both sexes",UIS.EA.6.AG25T99,15.67679,15.80406,16.31752,..,16.30342,..
Vanuatu,VUT,"UIS: Percentage of population age 25+ whose highest level of education is Bachelor's or equivalent (ISCED 6), both sexes",UIS.EA.6.AG25T99,..,..,..,..,..,..
"Venezuela, RB",VEN,"UIS: Percentage of population age 25+ whose highest level of education is Bachelor's or equivalent (ISCED 6), both sexes",UIS.EA.6.AG25T99,..,20.39688,24.11744,..,..,..
Vietnam,VNM,"UIS: Percentage of population age 25+ whose highest level of education is Bachelor's or equivalent (ISCED 6), both sexes",UIS.EA.6.AG25T99,..,..,..,..,..,..
Virgin Islands (U.S.),VIR,"UIS: Percentage of population age 25+ whose highest level of education is Bachelor's or equivalent (ISCED 6), both sexes",UIS.EA.6.AG25T99,..,..,..,..,..,..
West Bank and Gaza,PSE,"UIS: Percentage of population age 25+ whose highest level of education is Bachelor's or equivalent (ISCED 6), both sexes",UIS.EA.6.AG25T99,15.03396,15.52046,16.02902,..,17.38558,..
World,WLD,"UIS: Percentage of population age 25+ whose highest level of education is Bachelor's or equivalent (ISCED 6), both sexes",UIS.EA.6.AG25T99,..,..,..,..,..,..
"Yemen, Rep.",YEM,"UIS: Percentage of population age 25+ whose highest level of education is Bachelor's or equivalent (ISCED 6), both sexes",UIS.EA.6.AG25T99,..,..,..,..,..,..
Zambia,ZMB,"UIS: Percentage of population age 25+ whose highest level of education is Bachelor's or equivalent (ISCED 6), both sexes",UIS.EA.6.AG25T99,..,..,..,..,..,..
Zimbabwe,ZWE,"UIS: Percentage of population age 25+ whose highest level of education is Bachelor's or equivalent (ISCED 6), both sexes",UIS.EA.6.AG25T99,13.03891,..,..,2.62991,..,..
,,,,,,,,,
,,,,,,,,,
,,,,,,,,,
Data from database: Education Statistics - All Indicators,,,,,,,,,
Last Updated: 12/20/2020,,,,,,,,,